{
    "0": {
        "affine_matrix": null,
        "camera_matrix": {
            "cols": 3,
            "data": [
                1936.4805702235615,
                0.0,
                610.3562180292727,
                0.0,
                1938.6925529311025,
                440.8880704539197,
                0.0,
                0.0,
                1.0
            ],
            "rows": 3,
            "type": 6
        },
        "camera_serial": "dvs",
        "dist_coeffs": {
            "cols": 1,
            "data": [
                -0.11191505272522123,
                -0.9016495700940236,
                0.005968305251498718,
                0.002355458676119902,
                2.178924219808328
            ],
            "rows": 5,
            "type": 6
        },
        "frame_size": {
            "cols": 1280,
            "rows": 720
        },
        "rotation": {
            "1": {
                "cols": 3,
                "data": [
                    0.9998558329270707,
                    0.01230313852245659,
                    -0.011702399079288005,
                    -0.012276087366830665,
                    0.9999218120986069,
                    0.0023806235318283796,
                    0.01173077323434464,
                    -0.0022366206508031617,
                    0.9999286907011863
                ],
                "rows": 3,
                "type": 6
            }
        },
        "translation": {
            "1": {
                "cols": 1,
                "data": [
                    -36.831596389877085,
                    2.7538543003176685,
                    33.75801880542805
                ],
                "rows": 3,
                "type": 6
            }
        }
    },
    "1": {
        "affine_matrix": null,
        "camera_matrix": {
            "cols": 3,
            "data": [
                3865.7273240273307,
                0.0,
                1111.4672705086716,
                0.0,
                3888.390694937768,
                1138.1476882149318,
                0.0,
                0.0,
                1.0
            ],
            "rows": 3,
            "type": 6
        },
        "camera_serial": "aps",
        "dist_coeffs": {
            "cols": 1,
            "data": [
                -0.2051811672969036,
                0.12777549085333348,
                0.0012505327679343766,
                0.007259910644607326,
                0.2786013155702126
            ],
            "rows": 5,
            "type": 6
        },
        "frame_size": {
            "cols": 2600,
            "rows": 2160
        },
        "rotation": {
            "0": {
                "cols": 3,
                "data": [
                    0.9998558329270707,
                    -0.012276087366830665,
                    0.01173077323434464,
                    0.01230313852245659,
                    0.9999218120986069,
                    -0.0022366206508031617,
                    -0.011702399079288005,
                    0.0023806235318283796,
                    0.9999286907011863
                ],
                "rows": 3,
                "type": 6
            }
        },
        "translation": {
            "0": {
                "cols": 1,
                "data": [
                    36.464085378973245,
                    -2.2249908678508925,
                    -34.19318547480986
                ],
                "rows": 3,
                "type": 6
            }
        }
    }
}