{
    "0": {
        "affine_matrix": null,
        "camera_matrix": {
            "cols": 3,
            "data": [
                842.2300065759081,
                0.0,
                606.9497203696327,
                0.0,
                843.2031994129748,
                371.6726227871529,
                0.0,
                0.0,
                1.0
            ],
            "rows": 3,
            "type": 6
        },
        "camera_serial": "dvs",
        "dist_coeffs": {
            "cols": 1,
            "data": [
                -0.0777013785049208,
                0.06237114437071434,
                0.006369471392889745,
                -0.002439774104122857,
                -0.009862756875161893
            ],
            "rows": 5,
            "type": 6
        },
        "frame_size": {
            "cols": 1280,
            "rows": 720
        },
        "rotation": {
            "1": {
                "cols": 3,
                "data": [
                    0.9997463804226508,
                    0.018020366943311685,
                    -0.013507079885622171,
                    -0.01801888977451554,
                    0.9998376199273394,
                    0.00023106130546806888,
                    0.013509050414519847,
                    1.237987983718027e-05,
                    0.9999087485384036
                ],
                "rows": 3,
                "type": 6
            }
        },
        "translation": {
            "1": {
                "cols": 1,
                "data": [
                    -51.87465937522706,
                    4.990855474928988,
                    1.3368319165316633
                ],
                "rows": 3,
                "type": 6
            }
        }
    },
    "1": {
        "affine_matrix": null,
        "camera_matrix": {
            "cols": 3,
            "data": [
                1624.3230003819092,
                0.0,
                1231.3340753768591,
                0.0,
                1628.6173048180033,
                1169.5195269193825,
                0.0,
                0.0,
                1.0
            ],
            "rows": 3,
            "type": 6
        },
        "camera_serial": "aps",
        "dist_coeffs": {
            "cols": 1,
            "data": [
                -0.08238439937578662,
                0.09226159964484662,
                0.0033991938366799436,
                -9.211073456934021e-05,
                -0.027536350874265925
            ],
            "rows": 5,
            "type": 6
        },
        "frame_size": {
            "cols": 2600,
            "rows": 2160
        },
        "rotation": {
            "0": {
                "cols": 3,
                "data": [
                    0.9997463804226508,
                    -0.01801888977451554,
                    0.013509050414519847,
                    0.018020366943311685,
                    0.9998376199273394,
                    1.237987983718027e-05,
                    -0.013507079885622171,
                    0.00023106130546806888,
                    0.9999087485384036
                ],
                "rows": 3,
                "type": 6
            }
        },
        "translation": {
            "0": {
                "cols": 1,
                "data": [
                    51.933373290968305,
                    -4.055261212271924,
                    -2.0385382904674416
                ],
                "rows": 3,
                "type": 6
            }
        }
    }
}