{
    "0": {
        "affine_matrix": null,
        "camera_matrix": {
            "cols": 3,
            "data": [
                849.1304662810813,
                0.0,
                612.1161053382184,
                0.0,
                848.3840034665299,
                362.2170480107975,
                0.0,
                0.0,
                1.0
            ],
            "rows": 3,
            "type": 6
        },
        "camera_serial": "dvs",
        "dist_coeffs": {
            "cols": 1,
            "data": [
                -0.07555412196680364,
                0.06315336875033821,
                0.006818210759674158,
                -0.00208737514195164,
                -0.001666400728879099
            ],
            "rows": 5,
            "type": 6
        },
        "frame_size": {
            "cols": 1280,
            "rows": 720
        },
        "rotation": {
            "1": {
                "cols": 3,
                "data": [
                    0.9999238393715368,
                    0.012166266057390383,
                    -0.0020730235661686187,
                    -0.012149248274954005,
                    0.9998939278060957,
                    0.008032988413538084,
                    0.0021705351502859546,
                    -0.008007190938106864,
                    0.9999655862430677
                ],
                "rows": 3,
                "type": 6
            }
        },
        "translation": {
            "1": {
                "cols": 1,
                "data": [
                    -45.122799154869625,
                    2.253457291766102,
                    5.486694524958802
                ],
                "rows": 3,
                "type": 6
            }
        }
    },
    "1": {
        "affine_matrix": null,
        "camera_matrix": {
            "cols": 3,
            "data": [
                1036.2675810271135,
                0.0,
                1023.9939804001854,
                0.0,
                1037.968285941379,
                587.1065533488518,
                0.0,
                0.0,
                1.0
            ],
            "rows": 3,
            "type": 6
        },
        "camera_serial": "aps",
        "dist_coeffs": {
            "cols": 1,
            "data": [
                -0.07195343161311565,
                0.05951503426873229,
                0.002548573210545274,
                -0.00014007831372299902,
                0.015061294032505338
            ],
            "rows": 5,
            "type": 6
        },
        "frame_size": {
            "cols": 2048,
            "rows": 1200
        },
        "rotation": {
            "0": {
                "cols": 3,
                "data": [
                    0.9999238393715368,
                    -0.012149248274954005,
                    0.0021705351502859546,
                    0.012166266057390383,
                    0.9998939278060957,
                    -0.008007190938106864,
                    -0.0020730235661686187,
                    0.008032988413538084,
                    0.9999655862430677
                ],
                "rows": 3,
                "type": 6
            }
        },
        "translation": {
            "0": {
                "cols": 1,
                "data": [
                    45.13483132291734,
                    -1.66030927215455,
                    -5.598148329521757
                ],
                "rows": 3,
                "type": 6
            }
        }
    }
}