{
  "0": {
    "affine_rotation": {
      "cols": 2,
      "data": [
        0.9996020226246125,
        0.028209862899061088,
        -0.028209862899061088,
        0.9996020226246125
      ],
      "rows": 2,
      "type": 6
    },
    "affine_scale": 1.0000366898703559,
    "affine_translation": {
      "cols": 1,
      "data": [
        7.422256047895631,
        49.48070528751996
      ],
      "rows": 2,
      "type": 6
    },
    "camera_matrix": {
      "cols": 3,
      "data": [
        2505.629928501774,
        0.0,
        600.2342871213107,
        0.0,
        2358.201771945153,
        361.3982209795936,
        0.0,
        0.0,
        1.0
      ],
      "rows": 3,
      "type": 6
    },
    "dist_coeffs": {
      "cols": 5,
      "data": [
        0.3290700093711577,
        -19.860838428299626,
        -0.01366757597285566,
        -0.039026575315550385,
        366.5806961464709
      ],
      "rows": 1,
      "type": 6
    },
    "rotation": {
      "cols": 3,
      "data": [
        0.9995769434541402,
        0.028837093985956925,
        -0.003788947785828372,
        -0.028764308947514933,
        0.9994235271825989,
        0.018034074544177964,
        0.004306813863003495,
        -0.017917458646195955,
        0.9998301935978986
      ],
      "rows": 3,
      "type": 6
    },
    "translation": {
      "cols": 1,
      "data": [
        9.031030778016644,
        -1.9369996437437733,
        8.665433722491608
      ],
      "rows": 3,
      "type": 6
    }
  },
  "1": {
    "affine_rotation": {
      "cols": 2,
      "data": [
        0.9996020226246125,
        -0.028209862899061088,
        0.028209862899061088,
        0.9996020226246125
      ],
      "rows": 2,
      "type": 6
    },
    "affine_scale": 0.9999633114757414,
    "affine_translation": {
      "cols": 1,
      "data": [
        -6.023458245604451,
        -49.67039391181017
      ],
      "rows": 2,
      "type": 6
    },
    "camera_matrix": {
      "cols": 3,
      "data": [
        2509.67749207364,
        0.0,
        604.6153332982349,
        0.0,
        2396.239890315853,
        354.8110665494863,
        0.0,
        0.0,
        1.0
      ],
      "rows": 3,
      "type": 6
    },
    "dist_coeffs": {
      "cols": 5,
      "data": [
        0.01746345382668434,
        -5.721780300928086,
        -0.010756732030711662,
        -0.03236253572839099,
        151.11731398428876
      ],
      "rows": 1,
      "type": 6
    },
    "rotation": {
      "cols": 3,
      "data": [
        0.9995769434541402,
        -0.028764308947514933,
        0.004306813863003495,
        0.028837093985956925,
        0.9994235271825989,
        -0.017917458646195955,
        -0.003788947785828372,
        0.018034074544177964,
        0.9998301935978986
      ],
      "rows": 3,
      "type": 6
    },
    "translation": {
      "cols": 1,
      "data": [
        -9.12024700759898,
        1.830716883140199,
        -8.594812176331109
      ],
      "rows": 3,
      "type": 6
    }
  }
}